"Date","schmidt_daily"
2015-11-08,3.55633193345035
2015-11-09,0.752680387978413
2015-11-10,0.967168765649382
2015-11-11,0.612705089417562
2015-11-12,0.515455326349723
2015-11-13,0.19620548982151
2015-11-14,0.223421003008961
2015-11-15,0.730658838029647
2015-11-16,0.338742254099301
2015-11-17,0.310106754426593
2015-11-18,0.180435243946366
2015-11-19,0.827078281963988
2015-11-20,0.706928571205248
2015-11-21,0.226036661419577
2015-11-22,0.131814254451789
2015-11-23,0.311018646775433
2015-11-24,0.20275958870307
2015-11-25,0.0985326051407827
2015-11-26,0.103579054127138
2015-11-27,0.214379255509431
2015-11-28,0.881157350562094
2015-11-29,2.09399317451265
2015-11-30,2.41635847704906
2015-12-01,0.717924793627246
2015-12-02,0.675860450425121
2015-12-03,0.201901097116035
2015-12-04,0.155990538082066
2015-12-05,0.137174007115814
2015-12-06,0.112942117507386
2015-12-07,0.148104955920704
2015-12-08,0.262067020791635
2015-12-09,0.099436704709275
2015-12-10,0.197977038371398
2015-12-11,0.626139925444284
2015-12-12,1.31340834140996
2015-12-13,2.59161771955543
2015-12-14,2.05398802070958
2015-12-15,3.34858001543371
2015-12-16,2.72328122742315
2015-12-17,2.28456433753497
2015-12-18,1.50320679023644
2015-12-19,0.20978150855085
2015-12-20,0.0884740818509482
2015-12-21,0.074418259457214
2015-12-22,0.150852410704702
2015-12-23,0.275839212886538
2015-12-24,1.02718615964145
2015-12-25,2.00029619356901
2015-12-26,2.09205843790797
2015-12-27,2.13962248213026
2015-12-28,7.03126340782884
2015-12-29,2.64994328268009
2015-12-30,3.05537986752176
2015-12-31,3.59062180849591
2016-01-01,1.98321253955826
2016-01-02,0.0985152828211169
2016-01-03,0.0818535669273282
2016-01-04,0.0527299011187155
2016-01-05,0.0537356784395901
2016-01-06,0.0503433336380777
2016-01-07,0.020359096206268
2016-01-08,0.00610813442939415
2016-01-09,0.0111852413262121
2016-01-10,0.0237403952094634
2016-01-11,0.00534325452771532
2016-01-12,0.00335712390251872
2016-01-13,-0.00038744157154906
2016-01-14,0.0091870202312675
2016-01-15,0.0155913790536748
2016-01-16,-0.00221650523982931
2016-01-17,0.00266607508080233
2016-01-18,0.0383270688848314
2016-01-19,0.237237999950896
2016-01-20,0.235847134423734
2016-01-21,0.203140109568397
2016-01-22,0.242839970855997
2016-01-23,0.313620793917248
2016-01-24,0.29896585905948
2016-01-25,0.26896776411065
2016-01-26,0.2438815288082
2016-01-27,0.232935098295497
2016-01-28,0.194714481646126
2016-01-29,0.160985585852243
2016-01-30,0.13952271016046
2016-01-31,0.0910311737298143
2016-02-01,0.0613763028899119
2016-02-02,0.0605312364215416
2016-02-03,0.0463989671367262
2016-02-04,0.0183634658152731
2016-02-05,0.00212969471695342
2016-02-06,-0.000174089310110011
2016-02-07,-0.00240826165449409
2016-02-08,-0.00103144280963237
2016-02-09,-0.00140445206904879
2016-02-10,0.00560365863085027
2016-02-11,0.0760096314535203
2016-02-12,0.156518065471812
2016-02-13,0.115559991640112
2016-02-14,0.406457427578499
2016-02-15,0.307230687635305
2016-02-16,0.304605040230837
2016-02-17,0.159674763559664
2016-02-18,0.0629011942891185
2016-02-19,0.0135240847514099
2016-02-20,0.00075987416252484
2016-02-21,-0.00146360901322942
2016-02-22,-0.00150032191068002
2016-02-23,0.00299101260140688
2016-02-24,0.0220333511964565
2016-02-25,0.0111852413262121
2016-02-26,0.00784693627871851
2016-02-27,0.01866711308059
2016-02-28,0.0402212350938181
2016-02-29,0.0894984382632132
2016-03-01,0.364408313967337
2016-03-02,0.443198517530113
2016-03-03,0.119891933675616
2016-03-04,0.0965876608598706
2016-03-05,0.119182165226836
2016-03-06,0.41094667835977
2016-03-07,0.500105418107505
2016-03-08,1.24711456844752
2016-03-09,2.82830057767715
2016-03-10,3.60162335762419
2016-03-11,6.02598643011394
2016-03-12,7.23480724503998
2016-03-13,8.55420925837959
2016-03-14,8.65924093616672
2016-03-15,9.99768453038319
2016-03-16,10.9259969445446
2016-03-17,10.6800992592753
2016-03-18,10.537844978164
2016-03-19,8.82012854678148
2016-03-20,6.29763453422252
2016-03-21,4.66675586072788
2016-03-22,3.06669250574616
2016-03-23,3.24205590593739
2016-03-24,4.65852631888077
2016-03-25,7.09409107298088
2016-03-26,7.14115213600437
2016-03-27,7.21115079222533
2016-03-28,7.41269459856339
2016-03-29,7.57868248948657
2016-03-30,6.59243816832519
2016-03-31,6.73446823437657
2016-04-01,7.26481830274717
2016-04-02,10.5652959193807
2016-04-03,7.23937723090622
2016-04-04,6.72719024722317
2016-04-05,6.84028803933519
2016-04-06,5.11720679567953
2016-04-07,4.37719066959516
2016-04-08,3.41352140338172
2016-04-09,2.41123970005895
2016-04-10,1.72761366622151
2016-04-11,2.56231963886812
2016-04-12,6.04726003680377
2016-04-13,5.84349587987664
2016-04-14,6.24603729389813
2016-04-15,7.01623562617394
2016-04-16,7.4581769991078
2016-04-17,8.64780323485929
2016-04-18,11.3774586253373
2016-04-19,15.7997799725222
2016-04-20,15.3576709329896
2016-04-21,14.3709631665576
2016-04-22,15.8323506989477
2016-04-23,15.3060153509012
2016-04-24,13.3195224705072
2016-04-25,14.9258315547599
2016-04-26,18.5075955178686
2016-04-27,22.1501515829375
2016-04-28,21.6255443238137
2016-04-29,24.2946665741799
2016-04-30,23.3812244372781
2016-05-01,20.2099484446648
2016-05-02,21.6533742910025
2016-05-03,23.7630766570916
2016-05-04,22.5343343519847
2016-05-05,18.6892489748022
2016-05-06,14.4093353212377
2016-05-07,13.1178923715834
2016-05-08,14.3276038525083
2016-05-09,15.8685721955157
2016-05-10,17.4563358399131
2016-05-11,19.2935702394385
2016-05-12,19.6505562158261
2016-05-13,23.765712309459
2016-05-14,22.5162958887816
2016-05-15,15.7311363426301
2016-05-16,13.8944938693627
2016-05-17,13.1487911993183
2016-05-18,12.1854220045859
2016-05-19,11.664363501745
2016-05-20,11.357874262696
2016-05-21,12.0833934335186
2016-05-22,14.3190320755384
2016-05-23,13.9872175383494
2016-05-24,14.9022116062942
2016-05-25,17.7104918182713
2016-05-26,19.6421923291283
2016-05-27,20.5497655773317
2016-05-28,23.1670787705908
2016-05-29,26.8641641300571
2016-05-30,21.6375950869464
2016-05-31,20.1823607678003
2016-06-01,21.9983072495655
2016-06-02,24.6452148871545
2016-06-03,30.1364873377431
2016-06-04,33.3967517315535
2016-06-05,32.0356304523931
2016-06-06,32.5301297782972
2016-06-07,33.1167675585644
2016-06-08,31.4045253517278
2016-06-09,29.1784108199009
2016-06-10,28.408767299492
2016-06-11,31.632398599632
2016-06-12,33.5191877085994
2016-06-13,33.8243537287965
2016-06-14,31.7675864443961
2016-06-15,33.6161864142427
2016-06-16,36.1363627628397
2016-06-17,37.6598219613236
2016-06-18,32.3580986741125
2016-06-19,32.8303705675098
2016-06-20,32.2941291267218
2016-06-21,33.9602984489709
2016-06-22,31.849663308657
2016-06-23,30.7569930754603
2016-06-24,27.8489935777969
2016-06-25,28.8675378269766
2016-06-26,30.1691973122907
2016-06-27,28.8068920656724
2016-06-28,23.2070864361772
2016-06-29,26.3159638548555
2016-06-30,26.824049871324
2016-07-01,26.7273398202793
2016-07-02,29.8567132684204
2016-07-03,29.3415095907033
2016-07-04,22.7078191127367
2016-07-05,22.2249681242546
2016-07-06,26.9068841774884
2016-07-07,29.3375448589677
2016-07-08,28.1091396783024
2016-07-09,28.2705205094343
2016-07-10,31.6470063895339
2016-07-11,31.427589407859
2016-07-12,33.2059169751636
2016-07-13,32.7907094778116
2016-07-14,31.5929016669917
2016-07-18,38.2734426056913
2016-07-19,38.4757968606225
2016-07-20,39.0406995857766
2016-07-21,39.1834909733944
2016-07-22,41.7366506789157
2016-07-23,43.2070513029566
2016-07-24,44.2119332732567
2016-07-25,44.4635098209529
2016-07-26,40.6583263754759
2016-07-27,26.0615655087619
2016-07-28,22.7806935351732
2016-07-29,25.8535147281494
2016-07-30,26.4596686288063
2016-07-31,29.2749996880287
2016-08-01,27.9839056715327
2016-08-02,28.3838311017447
2016-08-03,24.5296899151409
2016-08-04,20.5494937320105
2016-08-05,19.0780400788857
2016-08-06,19.4504281356565
2016-08-07,22.2315882698726
2016-08-08,19.7450023043261
2016-08-09,16.629171438542
2016-08-10,16.9014358163231
2016-08-11,21.7107805206004
2016-08-12,25.1120142464903
2016-08-13,28.3390339349183
2016-08-14,30.2184643158598
2016-08-15,29.8682061843172
2016-08-16,28.2118354126429
2016-08-17,28.4781751634846
2016-08-18,27.4465735217794
2016-08-19,25.9690983977752
2016-08-20,25.0238901169717
2016-08-21,25.6422409844053
2016-08-22,23.6612830939043
2016-08-23,21.3952901515713
2016-08-24,20.9088738239188
2016-08-25,22.617401404139
2016-08-26,27.8156636727268
2016-08-27,28.5464219390286
2016-08-28,28.7988015229611
2016-08-29,28.8331546245223
2016-08-30,28.1267214951347
2016-08-31,28.8463068055486
2016-09-01,25.5378319288189
2016-09-02,20.6113130132761
2016-09-03,18.1966489463122
2016-09-04,17.6071553495247
2016-09-05,18.7056609479684
2016-09-06,20.3807930367187
2016-09-07,20.8442959263941
2016-09-08,22.033289061082
2016-09-09,22.5354175883461
2016-09-10,23.1739285295903
2016-09-11,22.9269902675618
2016-09-12,18.7079192522831
2016-09-13,18.4562773962131
2016-09-14,20.0640953123912
2016-09-15,21.2641338591064
2016-09-16,17.752949651034
2016-09-17,15.2650172121812
2016-09-18,15.3768058325944
2016-09-19,17.3617737282129
2016-09-20,17.0176306451069
2016-09-21,16.5899740477834
2016-09-22,15.7514722914094
2016-09-23,14.5313344658463
2016-09-24,16.9022932901377
2016-09-25,14.4374704588826
2016-09-26,11.5305912167815
2016-09-27,10.7257303347863
2016-09-28,11.7616903397788
2016-09-29,10.9513800279419
2016-09-30,9.89458990645442
2016-10-01,8.99022448021509
2016-10-02,8.45522041993463
2016-10-03,8.76746942341068
2016-10-04,7.63474609084548
2016-10-05,4.73287337062292
2016-10-06,2.75040278714174
2016-10-07,1.9947155127513
2016-10-08,1.48235877737639
2016-10-09,0.389235796376057
2016-10-10,1.27107246809535
2016-10-11,1.76785680449976
2016-10-12,1.403052632156
2016-10-13,2.30839179298226
2016-10-14,1.11620799276397
2016-10-15,0.929943279152766
2016-10-16,2.08384131649906
2016-10-17,4.34951164810635
2016-10-18,6.70012368380407
2016-10-19,8.7925173138141
2016-10-20,10.6010644241132
2016-10-21,9.22509375066723
2016-10-22,2.62606572097864
2016-10-23,1.12447973667382
2016-10-24,1.43424444442267
2016-10-25,0.967506985306428
2016-10-26,0.448425777241643
2016-10-27,0.318262351750795
2016-10-28,0.952503058649732
2016-10-29,0.942602564335928
2016-10-30,2.38709384646786
2016-10-31,2.43997031884987
2016-11-01,1.41167431498647
2016-11-02,1.67164445650049
2016-11-03,2.94753902939267
2016-11-04,3.29601612770311
2016-11-05,1.56569685052227
2016-11-06,0.924434938944433
2016-11-07,0.504002718452071
2016-11-08,0.435262424989721
2016-11-09,0.37278616722493
2016-11-10,0.242017765961221
2016-11-11,0.402859276348606
2016-11-12,0.481698774708945
2016-11-13,0.412049155819402
2016-11-14,0.316467989069084
2016-11-15,0.382036111402405
2016-11-16,0.410978566144525
2016-11-17,0.987789456403631
2016-11-18,1.44650032129004
2016-11-19,0.713304573858335
2016-11-20,0.0885632369468274
2016-11-21,0.370722516747119
2016-11-22,0.263753077688442
2016-11-23,0.13088883963828
2016-11-24,0.159120954764819
2016-11-25,0.671376348336503
2016-11-26,0.156179671370686
2016-11-27,0.152987205414813
2016-11-28,0.0927417082145751
2016-11-29,0.321869055078731
2016-11-30,0.669140861227428
2016-12-01,1.11881194708411
2016-12-02,0.496515659229404
2016-12-03,0.0895633948239461
2016-12-04,0.127623370875634
2016-12-05,0.122002380050195
2016-12-06,0.0854027671082568
2016-12-07,0.108411420293713
2016-12-08,0.047577678301928
2016-12-09,0.0379089656582423
2016-12-10,0.0541505280403044
2016-12-11,0.0512815034413812
2016-12-12,0.0399801378602515
2016-12-13,0.0298752044522613
2016-12-14,0.0196229007840066
2016-12-15,0.00486266902198104
2016-12-16,-0.00107971247059638
2016-12-17,-0.000887350759999184
2016-12-18,-0.00137813983077675
2016-12-19,-0.000749153721456487
2016-12-20,0.0320806587735916
2016-12-21,0.00865770273305726
2016-12-22,0.00616232990764071
2016-12-23,0.00199764238463285
2016-12-24,-0.00066818767876657
2016-12-25,0.00261037155507269
2016-12-26,0.00789410694054287
2016-12-27,0.0267717197662322
2016-12-28,0.0331773760187561
2016-12-29,0.0202998859374865
2016-12-30,0.0105328656627204
2016-12-31,0.00269084025699624
2017-01-01,0.0166443942107475
2017-01-02,0.0695343934842523
2017-01-03,0.0732049931962452
2017-01-04,0.038316373471894
2017-01-05,0.00890651491711403
2017-01-06,-0.000175927067616982
2017-01-07,-0.000948356472665867
2017-01-08,0.302505417225165
2017-01-09,0.2853319029207
2017-01-10,0.114823148811958
2017-01-11,0.0727403789847013
2017-01-12,0.0721098307121828
2017-01-13,0.0422506317920539
2017-01-14,0.00284145447052252
2017-01-15,-0.00518754341702541
2017-01-16,-0.00154403149148152
2017-01-17,0.000340216745378746
2017-01-18,0.0355600467011717
2017-01-19,0.0549407285302574
2017-01-20,0.0942388591393585
2017-01-21,0.296508159785553
2017-01-22,0.919778797237881
2017-01-23,0.548787154717201
2017-01-24,0.171468231793941
2017-01-25,0.122792528146513
2017-01-26,0.339145663765356
2017-01-27,0.0717599696067192
2017-01-28,0.0295640094911305
2017-01-29,0.0269551343342009
2017-01-30,0.0239970734460124
2017-01-31,0.0298752044522613
2017-02-01,0.0274997507565525
2017-02-02,0.0462085644472005
2017-02-03,0.0172114868010167
2017-02-04,0.00782006550104828
2017-02-05,0.00706555933944792
2017-02-06,0.0104501401169148
2017-02-07,0.110609823183198
2017-02-08,0.54652944799744
2017-02-09,0.463280757920023
2017-02-10,0.034690843007866
2017-02-11,0.0441742100674863
2017-02-12,0.36724974029818
2017-02-13,0.22335553152471
2017-02-14,0.0448481423364676
2017-02-15,0.0532018718349474
2017-02-16,0.0573833913109686
2017-02-17,0.074629673267261
2017-02-18,0.184532408176814
2017-02-19,0.77969482296242
2017-02-20,0.457566340622228
2017-02-21,0.858741800772945
2017-02-22,1.09837853993493
2017-02-23,1.74012989890939
2017-02-24,3.3799107555772
2017-02-25,4.14495887989186
2017-02-26,2.55584710626177
2017-02-27,1.80711104167397
2017-02-28,1.67882772074351
2017-03-01,2.50317879245709
2017-03-02,1.68591964798438
2017-03-03,0.9767132423022
2017-03-04,0.657271433473071
2017-03-05,0.474727454755409
2017-03-06,0.415463685075462
2017-03-07,0.61609731446438
2017-03-08,1.08835620610917
2017-03-09,1.09890074496516
2017-03-10,1.45889272226251
2017-03-11,0.468814688000437
2017-03-12,0.651351630414112
2017-03-13,0.397798398928539
2017-03-14,0.101170621612878
2017-03-15,0.164521428386623
2017-03-16,0.201672706894482
2017-03-17,0.225415136723992
2017-03-18,0.28720419624936
2017-03-19,0.38958075305619
2017-03-20,0.386110663431111
2017-03-21,2.41353516275191
2017-03-22,1.49757226377732
2017-03-23,1.00074442839811
2017-03-24,1.0870380913022
2017-03-25,2.75332224824454
2017-03-26,4.68891349565549
2017-03-27,5.75866519015011
2017-03-28,10.5536242340888
2017-03-29,13.3947804599473
2017-03-30,13.009416844806
2017-03-31,10.8438489342095
2017-04-01,9.9892848588887
2017-04-02,8.26892887361781
2017-04-03,7.99954840216042
2017-04-04,8.14772118324703
2017-04-05,11.82536829455
2017-04-06,11.1727797618382
2017-04-07,5.94613034218236
2017-04-08,4.88648190434577
2017-04-09,4.67782441375391
2017-04-10,6.50685673803137
2017-04-11,9.55292572215861
2017-04-12,15.970888826692
2017-04-13,16.3990471830825
2017-04-14,17.4418429403432
2017-04-15,20.3797348907541
2017-04-16,22.1003503750645
2017-04-17,24.6646279472767
2017-04-18,23.7949862609141
2017-04-19,19.7331596648262
2017-04-20,19.0749220554046
2017-04-21,23.9024579605989
2017-04-22,26.4371650332747
2017-04-23,19.5131658443914
2017-04-24,13.8310394756663
2017-04-25,10.4214059413346
2017-04-26,10.0824058911654
2017-04-27,12.2037247993405
2017-04-28,16.3847608868086
2017-04-29,22.6604002592374
2017-04-30,25.6160494928208
2017-05-01,25.4187746893563
2017-05-02,24.0675275204923
2017-05-03,23.1534193049226
2017-05-04,19.7400131560559
2017-05-05,16.5112385065805
2017-05-06,14.0460275046767
2017-05-07,10.7880795179639
2017-05-08,11.9694332248379
2017-05-09,10.3948425065836
2017-05-10,9.78929966518794
2017-05-11,17.4215353060683
2017-05-12,16.1259183511042
2017-05-13,13.517512921477
2017-05-14,12.7721708554785
2017-05-15,20.4578501998158
2017-05-16,20.1497605278552
2017-05-17,24.0369165073994
2017-05-18,30.2643352208531
2017-05-19,34.6643050527724
2017-05-20,36.1476255035723
2017-05-21,30.4438821958357
2017-05-22,28.206200969532
2017-05-23,26.7427448406633
2017-05-24,21.0299717672191
2017-05-25,17.0279102636393
2017-05-26,16.5246730974979
2017-05-27,20.3637995314993
2017-05-28,21.1502411629714
2017-05-29,21.731629506122
2017-05-30,11.9123058160985
2017-05-31,14.4738745045734
2017-06-01,17.9828353199207
2017-06-02,22.0556043734714
2017-06-03,22.1922802948282
2017-06-04,23.5475860710371
2017-06-05,26.5960902241936
2017-06-06,24.0596885423214
2017-06-07,22.8338268122609
2017-06-08,19.9590525119767
2017-06-09,21.4633538191867
2017-06-10,21.5039249453654
2017-06-11,26.4018640197971
2017-06-12,29.398238463312
2017-06-13,34.7358062632871
2017-06-14,35.5483365300319
2017-06-15,35.6010166122751
2017-06-16,36.748521257452
2017-06-17,35.1677749388101
2017-06-18,36.0977346961765
2017-06-19,36.4599816209641
2017-06-20,35.0447517109341
2017-06-21,34.7036746034387
2017-06-22,37.6815300525758
2017-06-23,36.5467687249245
2017-06-24,37.1384394912935
2017-06-25,36.8467457817225
2017-06-26,32.739390395741
2017-06-27,29.9132562180061
2017-06-28,27.3499451031638
2017-06-29,28.530581468216
2017-06-30,30.7304371309219
2017-07-01,33.0652707136864
2017-07-02,39.0202750731437
2017-07-03,39.5307911771131
2017-07-04,39.3682124881752
2017-07-05,37.9421640288256
2017-07-06,37.3866494425286
2017-07-07,39.6454950632347
2017-07-08,39.4967839011862
2017-07-09,38.2914135187635
2017-07-10,38.6898696647809
2017-07-11,35.0419049353825
2017-07-12,34.3722836748887
2017-07-13,37.8124075741955
2017-07-14,37.2577264404176
2017-07-15,41.701759177342
2017-07-16,39.0469725332109
2017-07-17,38.3170640772512
2017-07-18,39.4936141152295
2017-07-19,38.0871238397104
2017-07-20,42.2738196303186
2017-07-21,43.6602151208117
2017-07-22,43.0210106781925
2017-07-23,47.6583235229144
2017-07-24,44.90490414944
2017-07-25,45.5363147421983
2017-07-26,39.6650616327736
2017-07-27,38.279073576745
2017-07-28,36.0786425884989
2017-07-29,31.8392078975254
2017-07-30,29.3779141274455
2017-07-31,28.4353732022675
2017-08-01,30.9884203327426
2017-08-02,30.4348485303822
2017-08-03,29.6285785150803
2017-08-04,30.1880361758751
2017-08-05,30.1728097771474
2017-08-06,26.4089964109212
2017-08-07,26.2056178432423
2017-08-08,26.5181838662477
2017-08-09,26.9439201055297
2017-08-10,26.3376089406643
2017-08-11,25.9595747848475
2017-08-12,27.1335621125526
2017-08-13,29.2245989759629
2017-08-14,28.7507042411491
2017-08-15,28.5199591924059
2017-08-16,31.1115713364437
2017-08-17,32.8558755445261
2017-08-18,34.9909427272195
2017-08-19,36.2699426124981
2017-08-20,34.6574223315276
2017-08-21,35.4783930073697
2017-08-22,35.2604246979151
2017-08-23,35.5942417193258
2017-08-24,32.428622081122
2017-08-25,28.4848383153884
2017-08-26,26.0706408158314
2017-08-27,24.0732049977552
2017-08-28,21.900755165003
2017-08-29,18.489158184048
2017-08-30,17.3120154615782
2017-08-31,18.3809224877258
2017-09-01,16.0939977186919
2017-09-02,12.0246857495044
2017-09-03,12.7646210748589
2017-09-04,13.2564200811081
2017-09-05,14.8018785593964
2017-09-06,12.6530431795773
2017-09-07,10.5432484052046
2017-09-08,10.7994972675907
2017-09-09,10.8505467027899
2017-09-10,9.77820032017242
2017-09-11,7.03113886440517
2017-09-12,5.76331804644521
2017-09-13,5.94538416295083
2017-09-14,9.8003685984277
2017-09-15,11.2236179423655
2017-09-16,12.6676833433039
2017-09-17,13.2424110053119
2017-09-18,14.730987062872
2017-09-19,16.2455032287616
2017-09-20,17.6151779177431
2017-09-21,18.1614164244686
2017-09-22,19.4357095132449
2017-09-23,19.5304967765698
2017-09-24,19.7487405206073
2017-09-25,19.9860468770118
2017-09-26,21.3535689941976
2017-09-27,21.6432912458014
2017-09-28,21.2126148878878
2017-09-29,17.7158868688093
2017-09-30,13.8592653667233
2017-10-01,10.7047458663693
2017-10-02,8.26582041821219
2017-10-03,7.97619049457856
2017-10-04,7.946731883418
2017-10-05,8.45737636590272
2017-10-06,9.1486891001993
2017-10-07,9.73689873799983
2017-10-08,10.8630612746469
2017-10-09,12.2359041679359
2017-10-10,16.5124460895964
2017-10-11,18.2176644425467
2017-10-12,18.4263501960129
2017-10-13,12.9910020622628
2017-10-14,10.887539682806
2017-10-15,11.3280237017717
2017-10-16,9.47816761294889
2017-10-17,6.41874480990362
2017-10-18,3.4650176934086
2017-10-19,2.96372312169484
2017-10-20,4.05249935496098
2017-10-21,2.68335177236743
2017-10-22,3.04928855457016
2017-10-23,2.4371094936413
2017-10-24,1.46917143615912
2017-10-25,0.554716565153043
2017-10-26,0.437283470013887
2017-10-27,0.415863704765325
2017-10-28,0.684604968736922
2017-10-29,0.272225136493728
2017-10-30,0.393087435157479
2017-10-31,0.646033352256484
2017-11-01,0.410050693059165
2017-11-02,0.454868268037222
2017-11-03,2.70095591578174
2017-11-04,3.78316086392817
2017-11-05,1.4621515083079
2017-11-06,1.1039140266742
2017-11-07,1.49923645792554
2017-11-08,0.194018699670162
2017-11-09,0.356210785694249
2017-11-10,0.178759177150291
2017-11-11,0.224054133267341
2017-11-12,0.184137127773643
2017-11-13,0.15198081248969
2017-11-14,0.148576077509094
2017-11-15,0.246728469443911
2017-11-16,0.166171595387165
2017-11-17,0.159666768789102
2017-11-18,0.154837394585279
2017-11-19,0.135995987642526
2017-11-20,0.17412104779913
2017-11-21,0.15318207725704
2017-11-22,0.110455850533359
2017-11-23,0.12780884359996
2017-11-24,0.116881941142158
2017-11-25,0.172626229667399
2017-11-26,0.110549296340658
2017-11-27,0.127275325093181
2017-11-28,0.101664492602496
2017-11-29,0.271272364600136
2017-11-30,0.347052609596113
2017-12-01,0.30341303231096
2017-12-02,0.185224456872635
2017-12-03,0.165446960423079
2017-12-04,0.109607555748211
2017-12-05,0.11228606055247
2017-12-06,0.142233914333734
2017-12-07,0.092329897302667
2017-12-08,0.0751768930464429
2017-12-09,0.06876347981921
2017-12-10,0.0640077106841832
2017-12-11,0.0581727791373709
2017-12-12,0.0437059608123217
2017-12-13,0.0340148834237016
2017-12-14,0.0215601174481926
2017-12-15,0.0165042103254036
2017-12-16,0.0103886471682098
2017-12-17,0.0102835851432524
2017-12-18,0.00620101321582077
2017-12-19,0.0187261223614566
2017-12-20,0.0197411996178307
2017-12-21,0.0271935460823316
2017-12-22,0.053654492193121
2017-12-23,0.10219402849078
2017-12-24,0.0379258231596822
2017-12-25,0.0160050437254914
2017-12-26,0.01399838723165
2017-12-27,0.00138916596571971
2017-12-28,0.0234162708151475
2017-12-29,0.00283714744979049
2017-12-30,0.00403965278427261
2017-12-31,0.0257164371601375
2018-01-01,0.0205578463686734
2018-01-02,0.0102986695803721
2018-01-03,0.00364277503658202
2018-01-04,0.00365923929817414
2018-01-05,0.0054667164908589
2018-01-06,0.00388005425420586
2018-01-07,0.000418801942494085
2018-01-08,0.0053365977069733
2018-01-09,0.00133134262349511
2018-01-10,0.00824697098320127
2018-01-11,0.000492444272236061
2018-01-12,0.0066251025237246
2018-01-13,0.000123937176025367
2018-01-14,0.0200340013696844
2018-01-15,0.0225397468136541
2018-01-16,0.0599143352190533
2018-01-17,0.224311482166267
2018-01-18,0.327345073623693
2018-01-19,0.31049877662044
2018-01-20,0.215767991819987
2018-01-21,3.26759603816867e-11
2018-01-22,0.0211376205249732
2018-01-23,0.049768556420882
2018-01-24,0.00347230676049779
2018-01-25,0.0108609877428264
2018-01-26,0.0266577325528567
2018-01-27,0.00456238779517872
2018-01-28,0.00680593357965654
2018-01-29,2.93216092182272e-11
2018-01-30,2.63314037541987e-11
2018-01-31,0.0317679299994619
2018-02-01,0.00592015575770742
2018-02-02,3.21745543362493e-11
2018-02-03,0.0446340339792724
2018-02-04,0.479247232645125
2018-02-05,0.326050562582407
2018-02-06,0.111944414291588
2018-02-07,0.00587400272797866
2018-02-08,0.00216776064484349
2018-02-09,0.00168691795711928
2018-02-10,0.00219915546798787
2018-02-11,0.0399807587125231
2018-02-12,0.0119412639391941
2018-02-13,3.46821726540359e-11
2018-02-14,0.0321734833983
2018-02-15,0.170589660180835
2018-02-16,0.656051341820257
2018-02-17,0.0688146959450427
2018-02-18,0.132399126784185
2018-02-19,0.208973224628285
2018-02-20,0.591382970171758
2018-02-21,1.30304001981103
2018-02-22,2.64954037004429
2018-02-23,3.95179853416323
2018-02-24,3.69298786308617
2018-02-25,4.52966013357522
2018-02-26,3.36413624967645
2018-02-27,2.32486413082153
2018-02-28,1.93837181399199
2018-03-01,1.75346155032413
2018-03-02,0.961115376646482
2018-03-03,0.101740053396685
2018-03-04,0.102154232713286
2018-03-05,0.22633625783552
2018-03-06,0.00653197761613347
2018-03-07,0.0379204932099431
2018-03-08,0.0195096304213983
2018-03-09,0.209770193469167
2018-03-10,0.0533227957808605
2018-03-11,0.0196693073547957
2018-03-12,1.43946159259105e-05
2018-03-13,0.0296186391221405
2018-03-14,0.00570615334876798
2018-03-15,0.0444098350205183
2018-03-16,0.105256279012879
2018-03-17,0.0987188838642717
2018-03-18,0.856995813565855
2018-03-19,1.44455284168644
2018-03-20,1.72197749796796
2018-03-21,1.90623534436648
2018-03-22,2.35888676284017
2018-03-23,2.63112180029343
2018-03-24,2.88598135071341
2018-03-25,3.54601111989821
2018-03-26,4.13591875730174
2018-03-27,4.38548867484471
2018-03-28,4.39282563747099
2018-03-29,4.78688060353923
2018-03-30,5.60222861827317
2018-03-31,6.60593180931409
2018-04-01,5.76640037396111
2018-04-02,4.62096976597342
2018-04-03,4.439010393791
2018-04-04,4.55352666328016
2018-04-05,5.21886930598407
2018-04-06,5.51328526238547
2018-04-07,5.21171189360368
2018-04-08,4.40735047609431
2018-04-09,4.01086134709775
2018-04-10,3.58960211959196
2018-04-11,4.38910154062106
2018-04-12,5.16770879027276
2018-04-13,7.50798440897414
2018-04-14,10.0082590333456
2018-04-15,12.4241178326173
2018-04-16,11.2065011129577
2018-04-17,8.20148485352214
2018-04-18,8.27242075753105
2018-04-19,8.6741717475609
2018-04-20,5.56150908624307
2018-04-21,5.77478802293418
2018-04-22,6.79552794799134
2018-04-23,8.33338900627995
2018-04-24,8.52655647019069
2018-04-25,8.71951227971877
2018-04-26,8.91226778105984
2018-04-27,9.10483411546444
2018-04-28,9.2972222228636
2018-04-29,9.48944284559892
2018-04-30,9.68150653190571
2018-05-01,12.1951124006738
2018-05-02,14.9022538683285
2018-05-03,17.7980106353008
2018-05-04,20.8777174946983
2018-05-05,22.3270818940471
2018-05-06,23.860051683996
2018-05-07,25.4745896397922
2018-05-08,26.4704272234273
2018-05-09,27.4815128410973
2018-05-10,28.5077440232851
2018-05-11,29.5490197290465
2018-05-12,32.7675101448423
2018-05-13,36.1362011959973
2018-05-14,39.6520248900555
2018-05-15,37.5656269113059
2018-05-16,35.5211682470844
2018-05-17,33.5191079109708
2018-05-18,31.4983753616507
2018-05-19,29.5134725502685
2018-05-20,27.5648713059771
2018-05-21,25.6530548687308
2018-05-22,26.714554927844
2018-05-23,27.7930939398223
2018-05-24,28.8885550729134
2018-05-25,30.0008232188228
2018-05-26,31.1297849604092
2018-05-27,32.2753285402002
2018-05-28,33.437343829656
2018-05-29,31.7887563289109
2018-05-30,30.1693650823645
2018-05-31,31.5638612178384
2018-06-01,32.7658621895407
2018-06-02,33.9909508805612
2018-06-03,35.2388544079786
2018-06-04,36.5093074248464
2018-06-05,35.9438114478835
2018-06-06,35.3813641784212
2018-06-07,34.8219830242093
2018-06-08,35.8277002702508
2018-06-09,36.8346030121082
2018-06-10,37.8427869450844
2018-06-11,38.8523439251238
2018-06-12,38.9335366528034
2018-06-13,38.994045998893
2018-06-14,39.033406058911
2018-06-15,41.4464713089504
2018-06-16,43.9183798441739
2018-06-17,46.4483934948782
2018-06-18,49.0357944720701
2018-06-19,49.9567418622682
2018-06-20,50.8780619413101
2018-06-21,51.7996796871004
2018-06-22,50.4159544148879
2018-06-23,49.0365719917149
2018-06-24,47.6616395360289
2018-06-25,46.2912643231904
2018-06-26,43.5419982131051
2018-06-27,40.8578787858883
2018-06-28,38.2398338442051
2018-06-29,41.0791662350308
2018-06-30,44.0033171856675
2018-07-01,47.0109049696929
2018-07-02,50.1005992904918
2018-07-03,52.1527842258725
2018-07-04,54.2067866264812
2018-07-05,58.7594801353867
2018-07-06,58.5839801618229
2018-07-07,54.6459088506369
2018-07-08,51.1861566751197
2018-07-09,49.7090776589643
2018-07-10,51.45402700911
2018-07-11,52.4437680623262
2018-07-12,54.7934993685493
2018-07-13,52.819730727606
2018-07-14,52.5529504059646
2018-07-15,53.7536351519395
2018-07-16,53.2079512768433
2018-07-17,54.8519918661449
2018-07-18,54.6881751712753
2018-07-19,50.8947974294095
2018-07-20,48.088207137197
2018-07-21,46.3851668979511
2018-07-22,43.7809013507145
2018-07-23,40.9190631329011
2018-07-24,40.2902854868899
2018-07-25,40.1214234444158
2018-07-26,44.0258929855144
2018-07-27,45.2520650972106
2018-07-28,47.3134736625716
2018-07-29,43.8143733587986
2018-07-30,43.7652067774521
2018-07-31,41.4091610420555
2018-08-01,40.1541393015077
2018-08-02,40.0678062766094
2018-08-03,37.2060663725216
2018-08-04,42.3943236274534
2018-08-05,46.5259708547271
2018-08-06,48.281263367046
2018-08-07,49.5833308629958
2018-08-08,48.1553393452056
2018-08-09,48.1303649760217
2018-08-10,48.8200803076231
2018-08-11,48.6858582834863
2018-08-12,46.0563786530486
2018-08-13,43.6378874703478
2018-08-14,40.2654444564357
2018-08-15,NA
2018-08-16,NA
2018-08-17,NA
2018-08-18,NA
2018-08-19,NA
2018-08-20,NA
2018-08-21,NA
2018-08-22,NA
2018-08-23,NA
2018-08-24,34.0822198069259
2018-08-25,31.8331177238658
2018-08-26,35.2390311087589
2018-08-27,39.3045840111783
2018-08-28,38.514719702077
2018-08-29,43.13518477045
2018-08-30,43.0810808836248
2018-08-31,41.8483426836475
2018-09-01,42.373841312959
2018-09-02,43.6726136941586
2018-09-03,43.7778819697301
2018-09-04,46.1061571861989
2018-09-05,45.9927424175547
2018-09-06,46.4777682270947
2018-09-07,46.0257111098083
2018-09-08,44.0915518952752
2018-09-09,36.5173597252786
2018-09-10,31.0326498806317
2018-09-11,29.669466185146
2018-09-12,30.0386181843958
2018-09-13,32.1283717354475
2018-09-14,29.6861279724022
2018-09-15,24.5989130378605
2018-09-16,19.3138802406469
2018-09-17,16.2188242312278
2018-09-18,15.8195846050516
2018-09-19,16.8436025997473
2018-09-20,19.4585275651669
2018-09-21,20.1013234358965
2018-09-22,23.1586375054721
2018-09-23,16.3516585257407
2018-09-24,14.1868690245706
2018-09-25,12.0838626759182
2018-09-26,12.5489273106261
2018-09-27,13.2433404804221
2018-09-28,11.0171677333026
2018-09-29,12.5024249445282
2018-09-30,10.8135989961076
2018-10-01,10.786295800204
2018-10-02,13.2862845768258
2018-10-03,16.9130953818375
2018-10-04,17.3333602163069
2018-10-05,18.957221320529
2018-10-06,17.2749630535775
2018-10-07,20.2979065043535
2018-10-08,19.4966208625028
2018-10-09,18.9623492673375
2018-10-10,17.1545454986281
2018-10-11,14.48083470166
2018-10-12,6.90174638202957
2018-10-13,4.95094076117784
2018-10-14,3.26249138494539
2018-10-15,2.98058368123507
2018-10-16,3.94765477064094
2018-10-17,2.44300348494524
2018-10-18,1.7158023125462
2018-10-19,1.47745892040801
2018-10-20,1.9319639325506
2018-10-21,0.685137861142274
2018-10-22,0.595068969254815
2018-10-23,0.477550437603689
2018-10-24,0.461664589625043
2018-10-25,0.351748759077551
2018-10-26,0.130090986509987
2018-10-27,0.14633408107144
2018-10-28,0.0729233114911231
2018-10-29,0.720088020919757
2018-10-30,0.954161751475902
2018-10-31,1.19721930908429
2018-11-01,2.22055863016907
2018-11-02,2.48573438868997
2018-11-03,1.78081191842949
2018-11-04,0.675276561925536
2018-11-05,0.926617861286504
2018-11-06,1.07443970583549
2018-11-07,1.64389111633669
2018-11-08,1.22137332280864
2018-11-09,0.410693533781745
2018-11-10,0.0665664039605808
2018-11-11,0.327104947185876
2018-11-12,0.0885395019775252
2018-11-13,0.0249829369852865
2018-11-14,0.143770197565102
2018-11-15,0.0586750004079952
2018-11-16,0.262755343046567
2018-11-17,0.440669295848174
2018-11-18,0.100366760533637
2018-11-19,0.209217043857218
2018-11-20,0.649460272619723
2018-11-21,0.254045438105244
2018-11-22,0.128124553976375
2018-11-23,0.0663241535304625
2018-11-24,0.0196880728743818
2018-11-25,0.330985684376794
2018-11-26,0.210376967445666
2018-11-27,0.00961581299259617
2018-11-28,0.00821711324256816
2018-11-29,0.103989969539629
2018-11-30,0.218832047113259
2018-12-01,0.211855855862978
2018-12-02,0.153112588745177
2018-12-03,0.14149070396582
2018-12-04,0.0115027074133262
2018-12-05,0.00996621232902888
2018-12-06,0.0233242836721188
2018-12-07,0.00780628228021296
2018-12-08,0.0142213622244854
2018-12-09,-0.00239034204437892
2018-12-10,-0.00159081046406846
2018-12-11,0.0203641547614411
2018-12-12,0.10217896345801
2018-12-13,0.0632191365293895
2018-12-14,0.0464872005138026
2018-12-15,-7.66294626845588e-05
2018-12-16,0.0263354362202809
2018-12-17,0.0159490988611069
2018-12-18,0.00780002095615605
2018-12-19,0.00458569782637915
2018-12-20,0.0192889604004715
2018-12-21,0.0736333060072571
2018-12-22,0.0791684633776324
2018-12-23,0.0234201197635776
2018-12-24,0.010769031628416
2018-12-25,0.0272027710708909
2018-12-26,0.00771305897967109
2018-12-27,0.0139154384488103
2018-12-28,0.040025764479912
2018-12-29,0.123966050566496
2018-12-30,0.274668851377742
2018-12-31,0.290358946350869
2019-01-01,0.584934983152517
2019-01-02,0.467310829856148
2019-01-03,0.349015014593777
2019-01-04,0.251707417941157
2019-01-05,0.196742836722712
2019-01-06,0.0886761249389252
2019-01-07,0.0266056820952592
2019-01-08,0.0432925287748465
2019-01-09,0.021428062691917
2019-01-10,0.00563631864961389
2019-01-11,0.00516821862363625
2019-01-12,0.00102231980703832
2019-01-13,0.00597413545279955
2019-01-14,0.0164916926103939
2019-01-15,0.00279089389139036
2019-01-16,0.00406747712987308
2019-01-17,0.0249721213400646
2019-01-18,0.00622526680996084
2019-01-19,0.00335087503404064
2019-01-20,-0.000694451196891753
2019-01-21,0.136449100307361
2019-01-22,0.245291960423681
2019-01-23,0.188506585025827
2019-01-24,0.0382477271880634
2019-01-25,0.0640440523574472
2019-01-26,0.345101348282682
2019-01-27,0.32290750040736
2019-01-28,0.172547353457783
2019-01-29,0.0282234409744675
2019-01-30,0.163559628834687
2019-01-31,0.241046662610855
2019-02-01,0.194077141906374
2019-02-02,0.040512496270882
2019-02-03,0.0100273278894594
2019-02-04,0.00358266637959966
2019-02-05,0.00468576217148035
2019-02-06,0.127923305374628
2019-02-07,0.647473328299731
2019-02-08,0.306786930632686
2019-02-09,0.044057693555953
2019-02-10,0.0180122683697267
2019-02-11,0.0319268507693328
2019-02-12,0.0107836629348828
2019-02-13,-0.000952524202662505
2019-02-14,0.0244749685770792
2019-02-15,0.0376859657475239
2019-02-16,0.0432211338490602
2019-02-17,0.0297743308037151
2019-02-18,0.011445292908569
2019-02-19,0.0490130026060837
2019-02-20,0.00679786654926417
2019-02-21,0.0515901202594631
2019-02-22,0.0675284543357602
2019-02-23,0.051860134953482
2019-02-24,0.0583993551854752
2019-02-25,0.0497094122411966
2019-02-26,0.0822394368950253
2019-02-27,0.22968735427849
2019-02-28,0.157603931518503
2019-03-01,0.35333304152593
2019-03-02,0.286053132891005
2019-03-03,0.177052368826063
2019-03-04,0.0632763277628023
2019-03-05,0.0481917330575787
2019-03-06,0.0380849313544159
2019-03-07,0.148886815035808
2019-03-08,0.168180164600154
2019-03-09,0.0338701986899237
2019-03-10,0.0746901671041627
2019-03-11,0.47485050142153
2019-03-12,0.49150658052593
2019-03-13,0.422197116776187
2019-03-14,0.585977881325289
2019-03-15,1.44446212344849
2019-03-16,2.3482871225534
2019-03-17,1.56416638364384
2019-03-18,1.58900605474809
2019-03-19,1.15010116476437
2019-03-20,1.56764900086901
2019-03-21,1.82138497969879
2019-03-22,1.42501174463278
2019-03-23,1.41316665529771
2019-03-24,1.1548729061424
2019-03-25,2.4471809739703
2019-03-26,2.50973733411583
2019-03-27,1.79963874098938
2019-03-28,1.96819079014106
2019-03-29,3.30301626649681
2019-03-30,4.96103456891902
2019-03-31,5.59201101160934
2019-04-01,4.32466983362887
2019-04-02,3.24267025376959
2019-04-03,3.11194062281577
2019-04-04,3.86105558180559
2019-04-05,5.45118924677261
2019-04-06,6.08821710109207
2019-04-07,7.01136136544902
2019-04-08,8.90629953093327
2019-04-09,11.6942107587298
2019-04-10,13.6402610705631
2019-04-11,13.4435434415178
2019-04-12,12.5642364543974
2019-04-13,13.9015867761299
2019-04-14,12.3722872442687
2019-04-15,11.4865700035021
2019-04-16,8.19325530413269
2019-04-17,9.79493656364602
2019-04-18,13.3291308189933
2019-04-19,14.5514573293762
2019-04-20,12.3680030547944
2019-04-21,12.1838921278072
2019-04-22,13.8516432466384
2019-04-23,13.6628726968911
2019-04-24,17.3353277412164
2019-04-25,18.6812869461063
2019-04-26,16.8812208835234
2019-04-27,14.4154061521533
2019-04-28,16.2557491327517
2019-04-29,16.1972077909852
2019-04-30,16.0730511840605
2019-05-01,19.9820531622073
2019-05-02,25.1243114470593
2019-05-03,30.1980241831931
2019-05-04,31.4407253919166
2019-05-05,30.5853715545144
2019-05-06,30.3334602579412
2019-05-07,28.3140038662424
2019-05-08,30.2665344521882
2019-05-09,30.9395129391494
2019-05-10,30.597884649996
2019-05-11,32.6131858914914
2019-05-12,30.6734384852852
2019-05-13,29.3134219538584
2019-05-14,23.9110637057592
2019-05-15,21.1784043702968
2019-05-16,21.8234417852966
2019-05-17,23.2996999034345
2019-05-18,30.372764380345
2019-05-19,29.7907755230522
2019-05-20,33.7381637470016
2019-05-21,36.3766032976292
2019-05-22,32.9888919824817
2019-05-23,33.9304469438719
2019-05-24,39.2036454650094
2019-05-25,39.5931579546116
2019-05-26,43.8527775068349
2019-05-27,46.3969417193512
2019-05-28,45.7317374643679
2019-05-29,45.6476097379247
2019-05-30,42.9132254134233
2019-05-31,43.6691936898077
2019-06-01,41.6087816117266
2019-06-02,39.9854625174717
2019-06-03,38.8492096214049
2019-06-04,34.4641772340449
2019-06-05,34.4376585545884
2019-06-06,36.8634545811368
2019-06-07,37.4103107333107
2019-06-08,31.4503160595944
2019-06-09,28.2941762859822
2019-06-10,28.5853540292749
2019-06-11,30.2983100213122
2019-06-12,28.3062126154518
2019-06-13,27.5475727692915
2019-06-14,27.174396041776
2019-06-15,25.9755843672945
2019-06-16,29.6308602680695
2019-06-17,33.5096461885798
2019-06-18,36.7402406724641
2019-06-19,35.798161289479
2019-06-20,39.1029857677087
2019-06-21,37.1818289810479
2019-06-22,35.5417080284491
2019-06-23,33.7748769375143
2019-06-24,36.7669106607789
2019-06-25,43.0267386992883
2019-06-26,44.392496119656
2019-06-27,45.6713301043848
2019-06-28,48.9783348536189
2019-06-29,48.5347478211136
2019-06-30,48.6241193704662
2019-07-01,51.4817426745253
2019-07-02,49.3729871963702
2019-07-03,49.9996274925898
2019-07-04,49.6079993288567
2019-07-05,49.1910662362091
2019-07-06,53.4113204987548
2019-07-07,54.0649521664975
2019-07-08,54.4477612468031
2019-07-09,51.4584608310204
2019-07-10,49.4481456502621
2019-07-11,50.8055240030123
2019-07-12,52.3693630607045
2019-07-13,54.9668939259904
2019-07-14,55.6074131931685
2019-07-15,54.8682879182868
2019-07-16,55.7708755141
2019-07-17,54.8910751687636
2019-07-18,55.811480855537
2019-07-19,58.7810420757637
2019-07-20,59.8849398265415
2019-07-21,57.5375173982268
2019-07-22,50.1316041490575
2019-07-23,42.9238102633678
2019-07-24,41.1509269404166
2019-07-25,42.2862045752307
2019-07-26,40.4436486317253
2019-07-27,42.3910933785906
2019-07-28,45.7631246909761
2019-07-29,46.7237068873171
2019-07-30,45.9131655638019
2019-07-31,43.0052891571159
2019-08-01,42.9923810163222
2019-08-02,41.2417888042209
2019-08-03,40.9106632914636
2019-08-04,47.6366328339911
2019-08-05,47.0146892638038
2019-08-06,45.815155453317
2019-08-07,43.4857006411835
2019-08-08,44.0021447042072
2019-08-09,43.0921649515765
2019-08-10,40.70163302318
2019-08-11,40.5321130266221
2019-08-12,41.2736784622393
2019-08-13,43.7300688335018
2019-08-14,46.7531289681067
2019-08-15,46.528003376054
2019-08-16,45.985565125653
2019-08-17,50.8679656812785
2019-08-18,49.6219547523613
2019-08-19,51.445878174333
2019-08-20,48.5491296946521
2019-08-21,47.0736525548489
2019-08-22,49.0731972801372
2019-08-23,47.3816913125219
2019-08-24,40.9003548255375
2019-08-25,36.5339072071757
2019-08-26,33.1114025683085
2019-08-27,30.8333578007692
2019-08-28,32.0847536690329
2019-08-29,32.9144356865776
2019-08-30,32.5288943690969
2019-08-31,32.6916163859207
2019-09-01,35.2450005769323
2019-09-02,35.0437080525032
2019-09-03,37.5871753193222
2019-09-04,38.6301118032089
2019-09-05,41.3658855576204
2019-09-06,38.3303876269302
2019-09-07,35.7232445187865
2019-09-08,33.4880435250398
2019-09-09,35.7086423505848
2019-09-10,34.8760807567976
2019-09-11,37.0296448454209
2019-09-12,41.1830870734146
2019-09-13,38.1915748517793
2019-09-14,32.414190563068
2019-09-15,33.8005703263828
2019-09-16,35.6891178612151
2019-09-17,35.0412141452815
2019-09-18,30.9163098429582
2019-09-19,26.9374504886445
2019-09-20,23.6076645005318
2019-09-21,25.3116533314632
2019-09-22,26.7425131352878
2019-09-23,27.476529816875
2019-09-24,27.4523859270956
2019-09-25,24.0967978399586
2019-09-26,24.0130984384409
2019-09-27,24.1488705338906
2019-09-28,25.1019940522996
2019-09-29,28.3065762610509
2019-09-30,30.6574318149639
2019-10-01,30.715854199582
2019-10-02,32.8291093420002
2019-10-03,33.1285581190847
2019-10-04,33.1807593038671
2019-10-05,23.4292210582648
2019-10-06,18.8601679110497
2019-10-07,17.4816428171914
2019-10-08,15.4818426893504
2019-10-09,15.5847067892354
2019-10-10,15.3556527728688
2019-10-11,15.0535010025161
2019-10-12,13.8430460449235
2019-10-13,10.0916273890659
2019-10-14,8.47575228348951
2019-10-15,7.72257918043028
2019-10-16,7.06608574165975
2019-10-17,4.72972075642198
2019-10-18,2.879220296224
2019-10-19,1.73790167687978
2019-10-20,1.41486273519518
2019-10-21,1.7534969193524
2019-10-22,2.01863480822748
2019-10-23,2.08639492627742
2019-10-24,1.53542542573182
2019-10-25,1.57925914695701
2019-10-26,2.00059029558196
2019-10-27,4.98529833449343
2019-10-28,4.25708746637009
2019-10-29,3.79107079580528
2019-10-30,3.77859514873855
2019-10-31,3.51464188905445
2019-11-01,1.63606641419406
2019-11-02,0.205781209511113
2019-11-03,0.282242205637523
2019-11-04,0.217606854731639
2019-11-05,0.2760506247853
2019-11-06,0.243438382236543
2019-11-07,0.299203328732913
2019-11-08,0.0549421645001327
2019-11-09,0.158103927753671
2019-11-10,0.274017363957936
2019-11-11,0.272102567393943
2019-11-12,0.101232426252624
2019-11-13,0.111111939796623
2019-11-14,0.0675945864805872
2019-11-15,0.020346508914825
2019-11-16,0.0546173007095063
2019-11-17,0.0345181307347532
2019-11-18,0.0883510153901071
2019-11-19,0.133660154397606
2019-11-20,0.0822222372194089
2019-11-21,0.245915072677342
2019-11-22,0.14503884115052
2019-11-23,0.0279420008624532
2019-11-24,0.0521434041495247
2019-11-25,0.343660383333179
2019-11-26,0.156532138858904
2019-11-27,0.499014405474344
2019-11-28,0.0284676184479164
2019-11-29,0.31264615482065
2019-11-30,0.320772467994593
2019-12-01,0.0643878797626911
2019-12-02,0.0130641562699206
2019-12-03,0.013525481268881
2019-12-04,0.0137663854028786
2019-12-05,0.0363563415985268
2019-12-06,0.0264670978160625
2019-12-07,0.00759027186654972
2019-12-08,0.00717719019035259
2019-12-09,0.017209241382646
2019-12-10,0.0141263131072812
2019-12-11,0.0106943357482363
2019-12-12,0.00371903464848436
2019-12-13,0.00294818345375928
2019-12-14,0.00832661473201867
2019-12-15,0.00680033905753446
2019-12-16,0.0247488791761192
2019-12-17,0.026331863454003
2019-12-18,0.00551805796084302
2019-12-19,0.00043169545181212
2019-12-20,0.0016093837509031
2019-12-21,0.00770130989476482
2019-12-22,0.00190854755262072
2019-12-23,-0.000321490675313011
2019-12-24,0.000454508323291753
2019-12-25,0.0016773571895989
2019-12-26,0.0134965448977098
2019-12-27,0.0738077885365682
2019-12-28,0.114919299824997
2019-12-29,0.236709199171916
2019-12-30,0.393926381655609
2019-12-31,0.610035740507751
2020-01-01,0.278998259100913
2020-01-02,0.141282051193975
2020-01-03,0.319104992133807
2020-01-04,0.852317119001344
2020-01-05,0.298842965883844
2020-01-06,0.0768147886713679
2020-01-07,0.00880016297500753
2020-01-08,0.00266289845948314
2020-01-09,0.00103186586305233
2020-01-10,0.0321451750397902
2020-01-11,0.11399793697404
2020-01-12,0.715623377515662
2020-01-13,1.59037802096605
2020-01-14,1.45439651644078
2020-01-15,1.63397584459325
2020-01-16,1.62891051850796
2020-01-17,0.29209288241848
2020-01-18,0.0363846969689748
2020-01-19,0.00777227610965415
2020-01-20,0.00736448797915074
2020-01-21,7.53517732296624e-06
2020-01-22,0.0390443275133629
2020-01-23,0.0373158241557312
2020-01-24,0.0522413906105921
2020-01-25,0.000951636638317045
2020-01-26,0.000488831653750656
2020-01-27,-7.62423376112259e-05
2020-01-28,3.39397054788753e-05
2020-01-29,-1.93883954289306e-05
2020-01-30,-6.69947447946319e-06
2020-01-31,0.00055273780552261
2020-02-01,0.00113176226347995
2020-02-02,0.0033406859272738
2020-02-03,0.0156272026626475
2020-02-04,0.100356819190322
2020-02-05,0.470516515366197
2020-02-06,0.735753384132956
2020-02-07,0.230594224148686
2020-02-08,0.0596048726283315
2020-02-09,0.0680742402892719
2020-02-10,0.207321995192014
2020-02-11,0.793634245013718
2020-02-12,0.996944255008224
2020-02-13,0.605068101554068
2020-02-14,0.328526116355365
2020-02-15,0.0354339486883411
2020-02-16,0.0329084857029553
2020-02-17,0.0693182695465657
2020-02-18,0.182280210159795
2020-02-19,0.0367441795921127
2020-02-20,0.0171147586871048
2020-02-21,0.0232940863263141
2020-02-22,0.0573796830022974
2020-02-23,0.252338125467303
2020-02-24,0.223956265845217
2020-02-25,0.276103801818898
2020-02-26,0.875616287169876
2020-02-27,0.683106575430387
2020-02-28,0.141667365066557
2020-02-29,0.0455658538562347
2020-03-01,0.0886160883788429
2020-03-02,0.108049457427408
2020-03-03,0.0940458190393887
2020-03-04,0.444586010240054
2020-03-05,0.754145078302184
2020-03-06,0.439766962917838
2020-03-07,0.1371742413841
2020-03-08,0.250809484353854
2020-03-09,0.498260929464687
2020-03-10,1.06676946820781
2020-03-11,2.31766540440876
2020-03-12,3.69689165032617
2020-03-13,5.64275024484657
2020-03-14,6.1113718961602
2020-03-15,5.42730535038592
2020-03-16,4.31094173236215
2020-03-17,4.23841662294012
2020-03-18,4.97112279620062
2020-03-19,5.37089782091566
2020-03-20,8.24609699309647
2020-03-21,11.9255005331587
2020-03-22,9.91901449702015
2020-03-23,7.81261524624339
2020-03-24,6.96451707475173
2020-03-25,7.28067673414934
2020-03-26,7.47480162760279
2020-03-27,8.99081097059225
2020-03-28,12.4841452647402
2020-03-29,16.6198419913115
2020-03-30,15.5808596826432
2020-03-31,13.1886878505825
2020-04-01,9.47217915654712
2020-04-02,8.29563057897191
2020-04-03,7.27566155012711
2020-04-04,9.03550652569179
2020-04-05,8.88132725256335
2020-04-06,11.16288024356
2020-04-07,14.7071157630905
2020-04-08,15.9435686165038
2020-04-09,15.1692800124155
2020-04-10,11.4004253772224
2020-04-11,9.23159930479346
2020-04-12,8.82094515627144
2020-04-13,9.18005498695508
2020-04-14,8.37902757606788
2020-04-15,8.16049609954937
2020-04-16,7.69407873208395
2020-04-17,6.34139270269605
2020-04-18,7.33308466069646
2020-04-19,6.39370280938564
2020-04-20,6.85770257648082
2020-04-21,7.3490350830318
2020-04-22,8.84260843807601
2020-04-23,6.13775919846455
2020-04-24,7.66217780599259
2020-04-25,9.50087741484187
2020-04-26,8.46978761824881
2020-04-27,8.68558013415339
2020-04-28,8.21362747439002
2020-04-29,8.35662574128656
2020-04-30,8.94703573108209
2020-05-01,8.67216843805634
2020-05-02,9.18611870718604
2020-05-03,11.9036381479616
2020-05-04,18.9853440099523
2020-05-05,14.4558547667141
2020-05-06,11.6213238922131
2020-05-07,9.68331941874937
2020-05-08,8.80779721305363
2020-05-09,7.18441950539182
2020-05-10,6.3447584240489
2020-05-11,7.08583862785324
2020-05-12,7.24438580853966
2020-05-13,7.15197703715708
2020-05-14,8.63323830081008
2020-05-15,12.1067963548492
2020-05-16,20.1329574380796
2020-05-17,24.3232271894023
2020-05-18,25.6898259613924
2020-05-19,18.7984085345241
2020-05-20,9.71853825477829
2020-05-21,6.22758849168646
2020-05-22,6.84702068683188
2020-05-23,9.89484364746992
2020-05-24,11.8324209937878
2020-05-25,15.4789876680771
2020-05-26,16.1840618225274
2020-05-27,17.9430021300213
2020-05-28,16.7950131315293
2020-05-29,21.1957812809437
2020-05-30,27.485981367758
2020-05-31,28.0836899651631
2020-06-01,24.1261809424543
2020-06-02,24.775339892815
2020-06-03,28.4712405823046
2020-06-04,32.9276388708146
2020-06-05,32.6218339332067
2020-06-06,39.0181607332442
2020-06-07,39.7232162822787
2020-06-08,38.921117077906
2020-06-09,38.8363045934222
2020-06-10,42.0925266638596
2020-06-11,45.205067257073
2020-06-12,42.0491457557152
2020-06-13,38.5381037585779
2020-06-14,36.0341392859193
2020-06-15,30.9771448825224
2020-06-16,25.4332493537487
2020-06-17,18.8301933001645
2020-06-18,15.1128628154218
2020-06-19,16.667689003398
2020-06-20,23.6559759167715
2020-06-21,24.6957132335774
2020-06-22,27.2303309928259
2020-06-23,28.8937044077438
2020-06-24,31.2022269799343
2020-06-25,34.4564684516131
2020-06-26,33.0487565520565
2020-06-27,34.9946948317959
2020-06-28,35.0661777656444
2020-06-29,37.318759791429
2020-06-30,39.6579829740825
2020-07-01,42.8233677490011
2020-07-02,44.4015698455112
2020-07-03,46.9928289671002
2020-07-04,47.8675082165545
2020-07-05,47.2621048358111
2020-07-06,49.7362790863066
2020-07-07,52.4284072418224
2020-07-08,53.1051166785099
2020-07-09,53.7165739170636
2020-07-10,53.7198148743898
2020-07-11,53.4304160697473
2020-07-12,49.8291603724038
2020-07-13,50.5942434035826
2020-07-14,50.4939174145369
2020-07-15,48.9872831286669
2020-07-16,49.6989925284101
2020-07-17,52.758566041456
2020-07-18,55.196034027219
2020-07-19,57.5300829920359
2020-07-20,58.6096103725487
2020-07-21,55.023198021415
2020-07-22,53.8151726454806
2020-07-23,52.1185510985876
2020-07-24,51.2423012037532
2020-07-25,53.1207468606638
2020-07-26,51.976097504178
2020-07-27,53.4783670036898
2020-07-28,52.1034381012463
2020-07-29,52.5425901243048
2020-07-30,51.2667048428198
2020-07-31,49.802745883063
2020-08-01,49.0053490875979
2020-08-02,49.302987173891
2020-08-03,46.342405919837
2020-08-04,43.3563740399058
2020-08-05,45.8312613451003
2020-08-06,43.5250685291958
2020-08-07,43.8192543580283
2020-08-08,44.8614151592672
2020-08-09,51.6123959622631
2020-08-10,48.9254713252512
2020-08-11,49.2037627803123
2020-08-12,50.6436425390292
2020-08-13,48.4489457743375
2020-08-14,46.045840248801
2020-08-15,41.6674236513384
2020-08-16,35.6257446905708
2020-08-17,34.8977579856518
2020-08-18,36.8607092421298
2020-08-19,39.3361233618038
2020-08-20,38.051690562214
2020-08-21,36.8137719748742
2020-08-22,37.3384089005958
2020-08-23,39.2651341931763
2020-08-24,41.1677055025139
2020-08-25,45.5005556643519
2020-08-26,45.6355870019486
2020-08-27,45.6080819761225
2020-08-28,46.363808642107
2020-08-29,45.5707444756177
2020-08-30,44.6165601183051
2020-08-31,39.4362751035036
2020-09-01,34.6750064142444
2020-09-02,35.3316363886894
2020-09-03,39.848818518034
2020-09-04,42.7060649527781
2020-09-05,40.6155396014604
2020-09-06,37.3050903233763
2020-09-07,34.3230030985195
2020-09-08,34.6014492551573
2020-09-09,35.1653739028684
2020-09-10,36.979784603412
2020-09-11,38.5044078260498
2020-09-12,34.6168912095765
2020-09-13,30.8696867922779
2020-09-14,34.4462986906014
2020-09-15,31.3168191089806
2020-09-16,25.0196423864499
2020-09-17,22.0206335531791
2020-09-18,21.7211173045506
2020-09-19,19.4695391207635
2020-09-20,16.7698076211825
2020-09-21,15.7787087790232
2020-09-22,14.5597091150721
2020-09-23,14.0106162086883
2020-09-24,14.0990060789493
2020-09-25,11.5729577500817
2020-09-26,13.435353513436
2020-09-27,13.4194438692387
2020-09-28,14.228185158832
2020-09-29,13.9163245387347
2020-09-30,11.771485613584
2020-10-01,11.4491728808738
2020-10-02,11.4064648686212
2020-10-03,8.81480551915194
2020-10-04,8.21146629413709
2020-10-05,8.8907957893828
2020-10-06,7.43112109616832
2020-10-07,9.29305495068262
2020-10-08,12.1060557202722
2020-10-09,5.86328549448285
2020-10-10,4.4444035917819
2020-10-11,8.9670902779905
2020-10-12,9.54204984760397
2020-10-13,10.8673462868799
2020-10-14,9.47623598960068
2020-10-15,8.07383566016801
2020-10-16,6.53743392497727
2020-10-17,4.66199557294901
2020-10-18,3.5370645933502
2020-10-19,3.30431472574856
2020-10-20,4.95129444061072
2020-10-21,6.0873811229287
2020-10-22,8.63338915807926
2020-10-23,10.0557481298225
2020-10-24,12.4598438131959
2020-10-25,10.3960861250209
2020-10-26,8.2301076536818
2020-10-27,8.31751902576813
2020-10-28,7.94864239225911
2020-10-29,8.31270603844399
2020-10-30,7.53962970037183
2020-10-31,2.43291500360921
2020-11-01,1.27819664113994
2020-11-02,0.111403642931068
2020-11-03,0.643159930536452
2020-11-04,0.535494080057683
2020-11-05,0.717713780028757
2020-11-06,1.67562031424679
2020-11-07,1.38053564552144
2020-11-08,2.34822905102728
2020-11-09,3.44184958488023
2020-11-10,5.00796240462071
2020-11-11,6.79130315835554
2020-11-12,9.21935565423642
2020-11-13,6.36706743368399
2020-11-14,3.77413308059657
2020-11-15,1.62682571651328
2020-11-16,0.0964099328985171
2020-11-17,0.0132398576987863
2020-11-18,0.252831585652371
2020-11-19,0.276498781716762
2020-11-20,0.159443338271782
2020-11-21,0.956891262479231
2020-11-22,1.11005771076626
2020-11-23,0.535456137381236
2020-11-24,0.0920132524507227
2020-11-25,0.105978459323778
2020-11-26,0.379273357563782
2020-11-27,0.952156938325242
2020-11-28,0.923513142595933
2020-11-29,0.334794093280443
2020-11-30,0.323085093536914
2020-12-01,-0.00632778239386913
2020-12-02,0.0225624933787883
2020-12-03,0.304957810400644
2020-12-04,0.315907945075113
2020-12-05,0.0232920672286221
2020-12-06,0.0595272073471109
2020-12-07,0.00320067516126435
2020-12-08,-0.0104248798241643
2020-12-09,0.018892145777342
2020-12-10,0.0899913900386015
2020-12-11,0.0853258516075641
2020-12-12,0.1625177107093
2020-12-13,0.48389154427689
2020-12-14,0.457992257434038
2020-12-15,0.0609610978787059
2020-12-16,0.00181842261797465
2020-12-17,0.0154496402348474
2020-12-18,-0.000148086401526609
2020-12-19,0.0104260296404389
2020-12-20,0.0120059752829751
2020-12-21,0.00977261827131485
2020-12-22,0.00440250893203581
2020-12-23,0.0134408029046945
2020-12-24,0.0360279291288873
2020-12-25,-0.00301993285257014
2020-12-26,-0.000351847358836176
2020-12-27,0.0182797117081344
2020-12-28,0.0213850037206021
2020-12-29,0.00969443406323069
2020-12-30,0.00274871108927764
2020-12-31,0.00282271015872087
2021-01-01,0.0038997035932839
2021-01-02,0.0150000622459286
2021-01-03,0.143747178747395
2021-01-04,0.081287727032727
2021-01-05,0.0186974734793138
2021-01-06,0.00635818364014381
2021-01-07,0.0108253160171075
2021-01-08,0.00374764590044485
2021-01-09,0.000317393472782565
2021-01-10,0.00198044624471805
2021-01-11,0.0306418703793583
2021-01-12,0.00677706027432905
2021-01-13,0.0120493723954227
2021-01-14,0.0207929406118164
2021-01-15,0.0629493349631751
2021-01-16,0.0514445404922651
2021-01-17,0.017720857096049
2021-01-18,0.0268534983477328
2021-01-19,0.0315423710177172
2021-01-20,0.0534237712820056
2021-01-21,0.0251630429491176
2021-01-22,0.010061986887231
2021-01-23,0.0675145368668924
2021-01-24,0.113013951608384
2021-01-25,0.0803085120016143
2021-01-26,0.0632086285266243
2021-01-27,0.0299037644935235
2021-01-28,0.0241723003909197
2021-01-29,0.0524032811446237
2021-01-30,0.115574410771125
2021-01-31,0.154283798903551
2021-02-01,0.104103749449861
2021-02-02,0.0357830209830781
2021-02-03,0.0478831140048089
2021-02-04,0.0179002369008642
2021-02-05,0.0455046393450592
2021-02-06,0.0589104626531445
2021-02-07,0.0453117516925048
2021-02-08,0.182443002592969
2021-02-09,0.0180378591388085
2021-02-10,0.0125390019361868
2021-02-11,0.0222314538418123
2021-02-12,0.0631689449918203
2021-02-13,0.129099023506386
2021-02-14,0.109291285296
2021-02-15,0.0479182596245213
2021-02-16,0.0227199605996293
2021-02-17,0.0270813168266346
2021-02-18,0.076360025816688
2021-02-19,0.0211187445263071
2021-02-20,0.0656593649579401
2021-02-21,0.0463342774279838
2021-02-22,0.0293022461648816
2021-02-23,0.0127623753754028
2021-02-24,0.000856354212875138
2021-02-25,0.0876958224710988
2021-02-26,0.113775511010032
2021-02-27,0.0941304855157389
2021-02-28,0.314303471421397
2021-03-01,0.282808921638079
2021-03-02,0.252066777196562
2021-03-03,0.253862387534984
2021-03-04,0.568176977894368
2021-03-05,0.181238960713676
2021-03-06,0.150382622440377
2021-03-07,0.322677713498527
2021-03-08,0.593543086687555
2021-03-09,0.867525611791367
2021-03-10,1.28113819830793
2021-03-11,1.81054925546201
2021-03-12,3.38061658455953
2021-03-13,3.47301190347805
2021-03-14,2.67394917141776
2021-03-15,1.52639198108757
2021-03-16,1.25985556852229
2021-03-17,1.60404488358869
2021-03-18,2.05269526754738
2021-03-19,1.25428355139614
2021-03-20,1.59581990355797
2021-03-21,2.61649683397983
2021-03-22,3.16314120715115
2021-03-23,4.35014299220652
2021-03-24,4.0916714376721
2021-03-25,4.27273199550341
2021-03-26,5.45379104147248
2021-03-27,8.20884682867233
2021-03-28,8.22271154766397
2021-03-29,6.36444865532391
2021-03-30,5.68510140241836
2021-03-31,6.3557128328102
2021-04-01,3.66982696267879
2021-04-02,1.95770248823109
2021-04-03,2.19146696742526
2021-04-04,3.50098864540235
2021-04-05,3.7679768918293
2021-04-06,7.19056624556707
2021-04-07,11.5436963610937
2021-04-08,12.0097258886148
2021-04-09,13.8781115954139
2021-04-10,12.6861186662234
2021-04-11,13.1319094558294
2021-04-12,15.4452239435217
2021-04-13,16.1312871255557
2021-04-14,15.1166904982281
2021-04-15,15.3240202166044
2021-04-16,13.399344376058
2021-04-17,12.2538730899891
2021-04-18,12.2733552131414
2021-04-19,13.1301783713273
2021-04-20,11.5827716689751
2021-04-21,12.5312415741608
2021-04-22,9.88573382560878
2021-04-23,7.42649908552472
2021-04-24,6.40015574209738
2021-04-25,7.1641996346195
2021-04-26,7.58541417040936
2021-04-27,10.8136670247476
2021-04-28,16.7314292503099
2021-04-29,20.9298339505794
2021-04-30,21.3581299291484
2021-05-01,16.5166422138198
2021-05-02,16.1771767108303
2021-05-03,19.0554157934455
2021-05-04,19.7025022824628
2021-05-05,24.4038483909948
2021-05-06,23.521270587118
2021-05-07,20.3269411043184
2021-05-08,17.2164635490502
2021-05-09,15.3130026630418
2021-05-10,17.5436161655746
2021-05-11,18.2656821203794
2021-05-12,17.1369521130237
2021-05-13,16.2505456119509
2021-05-14,15.9933417910538
2021-05-15,17.0665997311134
2021-05-16,15.9638129166872
2021-05-17,15.0725012183985
2021-05-18,15.3753896492489
2021-05-19,18.0255043170215
2021-05-20,22.4810006880852
2021-05-21,26.0674731785604
2021-05-22,31.4987524702466
2021-05-23,35.0884934553687
2021-05-24,35.0618102073548
2021-05-25,33.3523064771311
2021-05-26,36.6381638607292
2021-05-27,40.933297664773
2021-05-28,39.5408299759702
2021-05-29,37.4230081915213
2021-05-30,29.9344533263693
2021-05-31,28.4747720222507
2021-06-01,28.4752024856366
2021-06-02,29.5244894931721
2021-06-03,31.5566852314152
2021-06-04,39.6704033815036
2021-06-05,40.0348446969632
2021-06-06,40.6442138175762
2021-06-07,43.7326126312955
2021-06-08,42.8046819390194
2021-06-09,45.2048125723769
2021-06-10,42.5832929471605
2021-06-11,40.8151091771924
2021-06-12,40.4532891178653
2021-06-13,37.7129163703723
2021-06-14,43.0349014573144
2021-06-15,44.089243515746
2021-06-16,41.3621651510334
2021-06-17,39.2029999937258
2021-06-18,36.2911439739892
2021-06-19,NA
2021-06-20,NA
2021-06-21,47.2136498453215
2021-06-22,44.1529286373746
2021-06-23,36.5415541253176
2021-06-24,35.8991237224369
2021-06-25,34.1426483824896
2021-06-26,36.3584408579944
2021-06-27,39.5598658476944
2021-06-28,42.9817479628982
2021-06-29,44.858514889898
2021-06-30,48.7898706604986
2021-07-01,49.3684486644761
2021-07-02,46.121428571531
2021-07-03,42.4278575919082
2021-07-04,40.0074833946265
2021-07-05,43.0573201172297
2021-07-06,47.4075969400964
2021-07-07,49.3182964580017
2021-07-08,47.6784311397667
2021-07-09,45.782676111161
2021-07-10,46.0524779423432
2021-07-11,47.0633660149192
2021-07-12,50.7809715421645
2021-07-13,51.4121881485658
2021-07-14,53.4897074130794
2021-07-15,55.5070475229022
2021-07-16,55.8174811850708
2021-07-17,53.6966405891298
2021-07-18,53.6194040591713
2021-07-19,53.0860536715643
2021-07-20,51.6134351588944
2021-07-21,48.5256923461607
2021-07-22,NA
2021-07-23,NA
2021-07-24,NA
2021-07-25,NA
2021-07-26,54.9292041375797
2021-07-27,54.9918487527372
2021-07-28,55.3728368043726
2021-07-29,55.4931463173858
2021-07-30,56.7819354431198
2021-07-31,54.3339788765898
2021-08-01,52.0027063446365
2021-08-02,50.1010978786204
2021-08-03,47.6243232660725
2021-08-04,47.4990785540841
2021-08-05,46.7601570455075
2021-08-06,45.2306772429498
2021-08-07,45.0490197709207
2021-08-08,46.7699526614557
2021-08-09,47.0185269653299
2021-08-10,51.0696469183268
2021-08-11,50.0320220922571
2021-08-12,49.1376969642061
2021-08-13,49.9062017564877
2021-08-14,49.7448983592011
2021-08-15,49.1315632699438
2021-08-16,45.8564726549426
2021-08-17,43.4684013232664
2021-08-18,41.8711922240824
2021-08-19,44.9780654788454
2021-08-20,44.693892600272
2021-08-21,43.2544041196832
2021-08-22,46.9728186382954
2021-08-23,47.1460491664325
2021-08-24,50.3099641382582
2021-08-25,49.1409377807562
2021-08-26,50.5494060874422
2021-08-27,51.7796727453197
2021-08-28,50.8950081511251
2021-08-29,50.6961733653616
2021-08-30,53.1522219823115
2021-08-31,48.984253227565
2021-09-01,43.158605416329
2021-09-02,38.6210161978008
2021-09-03,35.8058193538192
2021-09-04,34.2962388770314
2021-09-05,35.339307331612
2021-09-06,37.0568542616478
2021-09-07,35.3976763750341
2021-09-08,34.981894071029
2021-09-09,33.9470817546364
2021-09-10,30.5848696524548
2021-09-11,28.2398770740845
2021-09-12,28.5933080350116
2021-09-13,30.9713412279187
2021-09-14,32.33286471959
2021-09-15,32.2244225943852
2021-09-16,32.3953294731816
2021-09-17,31.7961779304339
2021-09-18,34.1052265610859
2021-09-19,33.516780867188
2021-09-20,32.8590773609517
2021-09-21,28.697367371884
2021-09-22,25.7077050784236
2021-09-23,22.2921162957428
2021-09-24,20.3964622948616
2021-09-25,19.3203382025953
2021-09-26,17.8459476066664
2021-09-27,16.5116370261743
2021-09-28,17.2446821745349
2021-09-29,16.5107702042241
2021-09-30,18.6438469152164
2021-10-01,17.6629169045416
2021-10-02,17.2817895456171
2021-10-03,19.1073733418582
2021-10-04,19.9954609022094
2021-10-05,20.990934859275
2021-10-06,21.3487175179689
2021-10-07,20.1932517110507
2021-10-08,18.5515671829256
2021-10-09,17.4707061596832
2021-10-10,16.3689508207838
2021-10-11,15.5589937318349
2021-10-12,15.9294536303769
2021-10-13,19.0349875524923
2021-10-14,18.8378206076653
2021-10-15,18.3191147022651
2021-10-16,17.7763611526063
2021-10-17,11.5432420655814
2021-10-18,9.34052270885195
2021-10-19,8.97560192581107
2021-10-20,9.08997732440315
2021-10-21,7.69407172896957
2021-10-22,8.03727291251481
2021-10-23,6.52861970259728
2021-10-24,6.34806321131622
2021-10-25,6.42869334559786
2021-10-26,5.75664049635736
2021-10-27,3.43278437616692
2021-10-28,2.77470321837379
2021-10-29,2.67844875239501
2021-10-30,2.62854293108946
2021-10-31,2.27149759380468
2021-11-01,2.02331133385166
2021-11-02,1.00651658755423
2021-11-03,0.74008512112883
2021-11-04,0.140583381042201
2021-11-05,0.127441301938847
2021-11-06,0.831900116349517
2021-11-07,0.288106535262461
2021-11-08,0.402190869111531
2021-11-09,0.821240903914168
2021-11-10,1.65805528741221
2021-11-11,1.42985728009172
2021-11-12,1.6741263644843
2021-11-13,0.933940882638015
2021-11-14,0.0931978578298807
2021-11-15,0.0178487784469185
2021-11-16,0.133315909433811
2021-11-17,0.407867681312943
2021-11-18,0.834047509959131
2021-11-19,0.072940894869115
2021-11-20,0.0900861982075022
2021-11-21,0.0216196659475166
2021-11-22,0.00479387863860658
2021-11-23,0.0147948138374948
2021-11-24,0.113485389081827
2021-11-25,0.073310436605565
2021-11-26,0.0346686560311296
2021-11-27,0.000378746210428956
2021-11-28,-0.0126874762303165
2021-11-29,-0.00658606231970041
2021-11-30,-0.00395250275568061
2021-12-01,0.0371938805673715
2021-12-02,0.069245705138793
2021-12-03,0.55334504092176
2021-12-04,0.848863684876684
2021-12-05,0.560838992508397
2021-12-06,0.344276998365584
2021-12-07,0.0702978350764492
2021-12-08,0.00923320622986375
2021-12-09,0.00212461178851185
2021-12-10,0.0786904349435563
2021-12-11,0.176242345045235
2021-12-12,0.0313679276758613
2021-12-13,0.0269120443539995
2021-12-14,0.0219674612784904
2021-12-15,0.0148296056943766
2021-12-16,0.155298643041704
2021-12-17,0.68722607470763
2021-12-18,1.24604089757315
2021-12-19,0.248237762368815
2021-12-20,0.0435695065811157
2021-12-21,0.0114299313832273
2021-12-22,-0.00621356848232974
2021-12-23,-0.000122556872145096
2021-12-24,0.0520420542720737
2021-12-25,0.0864101477518641
2021-12-26,0.712543647852641
2021-12-27,0.628737463286231
2021-12-28,0.833781642872032
2021-12-29,1.33835861595207
2021-12-30,1.55200585892236
2021-12-31,2.15812227761343
2022-01-01,2.41210934505236
2022-01-02,2.97781112051564
2022-01-03,0.644984480174525
2022-01-04,0.169056349546963
2022-01-05,0.052574125019073
2022-01-06,0.0280070154946989
2022-01-07,-0.00598197067245987
2022-01-08,0.00491258829221898
2022-01-09,0.0265047344600797
2022-01-10,0.000528885370458115
2022-01-11,0.0034767622572055
2022-01-12,0.0845489324576082
2022-01-13,0.0107124177910678
2022-01-14,0.00719947437475185
2022-01-15,0.0155964606051448
2022-01-16,0.186667995983032
2022-01-17,0.165519032834462
2022-01-18,0.100482662053737
2022-01-19,0.0571577067755618
2022-01-20,0.055830617737667
2022-01-21,0.026720136814352
2022-01-22,0.00982883878442405
2022-01-23,0.00501939582747192
2022-01-24,9.55999581519159e-05
2022-01-25,0.00328266441893767
2022-01-26,0.00670970132663459
2022-01-27,0.00762175217042789
2022-01-28,0.0042143864767724
2022-01-29,-0.000610480243908031
2022-01-30,-0.00146846094469249
2022-01-31,-0.00403888346928722
2022-02-01,-0.00451069551620215
2022-02-02,-0.0037492432237262
2022-02-03,-0.00811200446887251
2022-02-04,-0.00836541664221839
2022-02-05,0.00961548998211862
2022-02-06,0.0108919657176725
2022-02-07,-0.0107985393157083
2022-02-08,0.00139075218896931
2022-02-09,0.000472719401246423
2022-02-10,-0.00594962041856276
2022-02-11,0.00483384936432768
2022-02-12,0.0325538184627412
2022-02-13,-0.00500948415671898
2022-02-14,-0.00381938400474014
2022-02-15,-0.00141186794705261
2022-02-16,0.00955883543598183
2022-02-17,0.04097191564881
2022-02-18,0.0695433450833894
2022-02-19,0.00808166838097574
2022-02-20,0.0158225630577964
2022-02-21,0.0542446837272348
2022-02-22,0.2260164558916
2022-02-23,1.04508374434145
2022-02-24,0.877050484924697
2022-02-25,0.463346166671367
2022-02-26,0.508779004431734
2022-02-27,0.738017679739629
2022-02-28,0.35506996358938
2022-03-01,0.386358814901113
